{"max": [0.442341, 0.300241, 0.2032], "centroid": [0.22081487926578525, 0.12584579589948874, -5.395662496645171e-06], "id": "46d014209027ec188e74a3351a4d8b3a", "numVertices": 11223, "min": [-0.0153543, -0.0333375, -0.2032]}
