{"max": [9.45342, 2.35321, 6.42643], "centroid": [5.267762765957446, 1.4547509574468087, 2.102051467021276], "id": "cda15ee9ad73f9d4661dc36b3dd991aa", "numVertices": 94, "min": [1.71191, 0.0, -1.31508]}
