{"max": [4.09944, -0.201931, 3.97749], "centroid": [2.435539636363633, -0.8588856694214881, 2.3135907644628104], "id": "4fdb0bd89c490108b8c8761d8f1966ba", "numVertices": 242, "min": [0.771635, -1.47869, 0.649688]}
