{"max": [0.0, 0.05, 0.0], "centroid": [-0.1, 0.02141075159235669, -0.09999999999999999], "id": "36ca3b684dbb9c159599371049c32d38", "numVertices": 157, "min": [-0.2, 0.0, -0.2]}
