{"max": [46.4696, 13.6366, 26.463], "centroid": [26.87239331034483, 3.961097268965518, 6.8657997034482765], "id": "be8a2f8460a963426a6acc5f155f864", "numVertices": 145, "min": [7.27517, -0.231114, -12.7314]}
