{"max": [0.168275, 0.0564669, 0.168275], "centroid": [0.08413749759722225, 0.02306781074999998, 0.0841374975972222], "id": "4bf56e6a081c2a85a11f6bacf5c7662d", "numVertices": 288, "min": [0.0, 0.0, 0.0]}
