{"max": [-1.25435, 0.075, -2.88671], "centroid": [-1.434352676282052, 0.026804201099358875, -3.066493557692309], "id": "1fbb9f70d081630e638b4be15b07b442", "numVertices": 624, "min": [-1.61435, -2.6109e-05, -3.2461]}
