{"max": [1.03843, 2.06214, 1.03843], "centroid": [6.75912981313243e-17, 1.6076374611398974, -1.1504901809587115e-18], "id": "ee3b4a98683feab4633d74df68189e22", "numVertices": 193, "min": [-1.03843, 1.02371, -1.03843]}
