{"max": [0.0954289, 0.1016, 0.0951909], "centroid": [8.557831884058241e-05, 0.05466521739130448, -2.828169420289798e-05], "id": "e3d4d57aea714a88669ff09d7001bab6", "numVertices": 552, "min": [-0.095071, 0.0, -0.0953091]}
