{"max": [7.61847, 20.3613, 7.61847], "centroid": [0.0002091448275856202, 16.836935109717864, 3.758748798103978e-17], "id": "441cac4bae5c7c315c2a2c970803cfe2", "numVertices": 319, "min": [-7.61847, 12.7755, -7.61847]}
