{"max": [0.145875, 0.148679, 0.334715], "centroid": [-0.019756663469387762, 0.05810559183673471, 0.16908314979591832], "id": "2a1e9b5c0cead676b8183a4a81361b94", "numVertices": 49, "min": [-0.185388, 0.0, 0.00345143]}
