{"max": [-1.11806, 1.75059, -2.55466], "centroid": [-2.382956349206348, 0.8270102857142847, -3.846287003968254], "id": "d5b3fb99c8084a6c5430c0f7a585e679", "numVertices": 504, "min": [-3.65027, 0.0, -5.08687]}
