{"max": [1.05, 0.66, 0.0], "centroid": [0.5250000183486244, 0.6062385321100885, -0.2749478486238531], "id": "f9bbfd8acdee30158a63c123f2a561a6", "numVertices": 436, "min": [0.0, 0.0, -0.55]}
