{"max": [0.330037, 0.2032, 0.330037], "centroid": [4.861111079833126e-09, 0.1285208333333339, 4.658053778085871e-18], "id": "ed220bdfa852f00ba2c59a4d90e63212", "numVertices": 432, "min": [-0.330037, -0.003175, -0.330037]}
