{"max": [0.0, 0.28, 1.02435], "centroid": [-0.5009418318407959, 0.09489368457711432, 0.513006896517413], "id": "c82e28d7f713f07a5a15f0bff2482ab8", "numVertices": 1005, "min": [-1.02435, 0.0, 0.0]}
