{"max": [0.0618793, 0.041275, 0.0781565], "centroid": [-0.004066611979674796, 0.02158473398373983, 0.01229986081300813], "id": "a08af31cb43f1f662d88c45db31bc366", "numVertices": 123, "min": [-0.0651207, 0.003175, -0.0488435]}
