{"max": [0.0, 0.45, 0.0], "centroid": [-0.26923076923076933, 0.2410256410256411, -0.28205128205128205], "id": "5c466b385c17f36dda6f252b9392c507", "numVertices": 39, "min": [-0.55, 0.0, -0.55]}
