{"max": [0.212089, 0.129007, 0.218728], "centroid": [-0.003524143917244429, 0.049016720444444606, -0.000425448886793785], "id": "4cf18594e8851a3d3a5e6305a3a7adee", "numVertices": 2250, "min": [-0.21563, 0.0, -0.221893]}
