{"max": [0.902834, 0.352465, 0.0], "centroid": [0.45141692394122707, 0.2588883267070025, -0.4523260518582537], "id": "5f2ef71aa9b94edbb84959963148f2a2", "numVertices": 1157, "min": [0.0, 0.0, -0.902834]}
