{"max": [-0.572132, 0.171545, -0.655448], "centroid": [-0.7459990863095226, 0.05716666666666655, -0.8293141904761906], "id": "24907349b2323824664b3b9b23ddfcbc", "numVertices": 1008, "min": [-0.919866, 0.0, -1.00318]}
