{"max": [-2.54581, 0.4, 2.76872], "centroid": [-3.0458120238095217, 0.11714285714285727, 2.268716904761903], "id": "baeaa576ba746179e8d7df9e0b95a9b2", "numVertices": 168, "min": [-3.54581, -0.04, 1.76872]}
