{"max": [0.167162, 0.107787, 0.167162], "centroid": [0.08344727856092841, 0.06367600917794977, 0.08360358939265007], "id": "c6be3b333b1f7ec9d42a2a5a47e9ed5", "numVertices": 1034, "min": [0.0, 0.0, 0.0]}
