{"max": [2.1336, 2.4384, 2.1336], "centroid": [1.9238521726356502e-17, 1.7047391350180374, 1.5102740558359812e-16], "id": "292d2dda9923752f3e275dc4ab785b9f", "numVertices": 554, "min": [-2.1336, 0.0, -2.1336]}
