{"max": [0.201613, 0.119062, 0.201613], "centroid": [-9.830099697201907e-19, 0.05364282119999983, 2.6043981785998464e-17], "id": "2d2c419136447fe667964ba700cd97f5", "numVertices": 600, "min": [-0.201613, 0.0, -0.201613]}
