{"max": [-1.63931, 0.314443, -0.0268939], "centroid": [-4.192303925438601, -0.36947148676169644, -2.480015007675438], "id": "817221e45b63cef62f74bdafe5239fba", "numVertices": 1368, "min": [-6.63537, -0.987351, -4.84389]}
