{"max": [0.2, 0.903668, 1.29815], "centroid": [-0.5512515205522228, 0.5174022850539347, 0.5451887845519763], "id": "f9ed6c993f7d65e2e5f83d0df19ff934", "numVertices": 5192, "min": [-1.29489, 0.0, -0.2]}
