{"max": [0.78676, 0.86, 7.42089], "centroid": [-0.6758195533116176, 0.771900106406085, 6.628190466883834], "id": "f9d9ef770e04c5772b3242897b354191", "numVertices": 921, "min": [-2.23324, -0.01, 5.86452]}
