{"max": [19.9144, 7.90747, 11.9718], "centroid": [15.005355769230773, 5.711558461538457, 7.062716602564103], "id": "804092c488e7c8e420d3c05c08e26f", "numVertices": 312, "min": [10.0963, 4.18637, 2.15364]}
