{"max": [0.0627688, 0.176883, 0.0627688], "centroid": [-4.442279877281408e-17, 0.15357203454545382, 7.119305145408816e-18], "id": "8d75c3c065fa3c7055f46d55537192b6", "numVertices": 5500, "min": [-0.0627688, 0.0944658, -0.0627688]}
