{"max": [75.5614, 62.204, 75.5614], "centroid": [4.046888137881774e-15, 27.365718308270708, 1.2755043470881498e-15], "id": "154ab09c67b9d04fb4971a63df4b1d36", "numVertices": 266, "min": [-75.5614, 0.0, -75.5614]}
