{"max": [3.89397, 2.7813, 3.89397], "centroid": [0.0014092479192546953, 1.0211676136645946, 0.10298931677018607], "id": "bed9f618bef8d3e9f6d436d018e2b50f", "numVertices": 322, "min": [-3.89397, 0.0, -3.89397]}
