{"max": [0.577517, 0.314443, 0.577517], "centroid": [0.015415346655791187, 0.1462209331566071, -0.0007942599119086491], "id": "a1393437aac09108d627bfab5d10d45d", "numVertices": 1226, "min": [-0.577517, 0.0, -0.577517]}
