{"max": [-0.0148436, 0.133267, -0.0148436], "centroid": [-0.19624209445037377, 0.07529321910352194, -0.196242094450374], "id": "f44387d8cb8d2e4ebaedc225f2279ecf", "numVertices": 937, "min": [-0.377641, 0.0, -0.377641]}
