{"max": [1.94747, 1.5621, 1.94747], "centroid": [3.380609901972795e-17, 0.6185950006920412, 4.072098291012685e-17], "id": "429a622eac559887bbe43d356df0e955", "numVertices": 289, "min": [-1.94747, 0.0, -1.94747]}
