{"max": [-1.70778, 0.4, 1.85389], "centroid": [-2.2077827777777776, 0.21555555555555553, 1.6038899999999998], "id": "268436b1c1750a1e14659d605ff53c6f", "numVertices": 36, "min": [-2.70778, 0.0, 1.35389]}
