{"max": [0.100736, 0.0762, -14.4289], "centroid": [-0.06689686437500005, 0.052387500000000024, -14.595239583333331], "id": "709778e5ebb67e32b396efafc0d0d8ac", "numVertices": 96, "min": [-0.242164, 0.0, -14.7718]}
