{"max": [0.0718439, 0.041275, 0.0601681], "centroid": [0.007884114083333334, 0.022985803333333322, -0.0031723476166666664], "id": "ff7c33db3598df342d88c45db31bc366", "numVertices": 120, "min": [-0.0551561, 0.003175, -0.0668319]}
