{"max": [0.4318, 0.210523, 0.0], "centroid": [0.21589996933701694, 0.11687120563535923, -0.2158999693370165], "id": "899af991203577f019790c8746d79a6f", "numVertices": 362, "min": [0.0, 0.0, -0.4318]}
