{"max": [-2.05886, 1.82, 5.89963], "centroid": [-4.038858913738018, 1.1756175079872229, 3.9196309584664535], "id": "fa61e604661d4aa66658ecd96794a1cd", "numVertices": 313, "min": [-6.01886, 0.800911, 1.93963]}
