{"max": [1.2619, 0.628265, 1.2619], "centroid": [0.6309477887966806, 0.3042330721991701, 0.6309477887966805], "id": "3a7737c7bb4a6194f60bf3def77dca62", "numVertices": 241, "min": [0.0, 0.0, 0.0]}
