{"max": [0.104027, 0.086343, 0.104027], "centroid": [-1.3992723261538652e-18, 0.057580889060092275, -1.189982883674691e-17], "id": "68582543c4c6d0bccfdfe3f21f42a111", "numVertices": 649, "min": [-0.104027, 0.0, -0.104027]}
