{"max": [12.8547, 2.7559, 4.44944], "centroid": [3.4590756435158494, 1.1816402305475477, -5.256914357925071], "id": "bec41cc7f631e00b1bf40e92cbe8569f", "numVertices": 347, "min": [-6.01971, 0.0, -14.425]}
