{"max": [1.04693, 0.31673, 1.04693], "centroid": [-2.847463197872811e-17, -0.21381123979274633, 1.1504901809587115e-18], "id": "e072da5c1e38c11a7548281e465c9303", "numVertices": 193, "min": [-1.04693, -0.652686, -1.04693]}
