{"max": [0.1524, 0.0365125, 0.0], "centroid": [0.07716285166666666, 0.02063750000000001, -0.07749311277777783], "id": "9a6cec1cfca7e8b5ebc583f22bd58b85", "numVertices": 144, "min": [0.0, 0.0, -0.1524]}
