{"max": [4.22311, 1.86111, 4.22311], "centroid": [-3.105981080796569e-17, 0.7917132142857144, -2.9077269692563625e-17], "id": "32f9c710e264388e2150a45ec52bcbd7", "numVertices": 672, "min": [-4.22311, -0.14605, -4.22311]}
