{"max": [0.864838, 0.07022, -0.476449], "centroid": [0.7701760459770127, 0.053415448275862414, -0.5711113534482746], "id": "aad3cd6a40a15cb8664b3b9b23ddfcbc", "numVertices": 696, "min": [0.675514, 0.020486, -0.665774]}
