{"max": [-0.311797, 0.8382, 5.86434], "centroid": [-2.4196333653846147, 0.3105357923076928, 3.756508685897435], "id": "c1bad5cc2d9050e48aee29ee398d36ed", "numVertices": 312, "min": [-4.52747, 0.0, 1.64867]}
