{"max": [3.6576, 3.05931, 3.6576], "centroid": [0.08594704511168826, 1.992736133333333, 0.0858182456796538], "id": "eff9864bfb9920b521374fbf1ea544c", "numVertices": 1155, "min": [-3.6576, 0.210867, -3.6576]}
