{"max": [7.64342, 4.19129, 0.0], "centroid": [3.821709245412846, 3.0164636559633093, -3.832925917431193], "id": "c2882316451828fd7945873d861da519", "numVertices": 436, "min": [0.0, 0.0, -7.6899]}
