{"max": [0.08255, 0.05715, 0.08255], "centroid": [-1.6430825780643419e-18, 0.021281969285714013, 1.8934816512336132e-18], "id": "e3e57a94be495771f54e1b6f41fdd78a", "numVertices": 2688, "min": [-0.08255, 0.0, -0.08255]}
