{"max": [-1.7718, 0.66675, 4.80665], "centroid": [-3.236854829931975, 0.3961731292517009, 3.2345745578231306], "id": "3f56833e91054d2518e800f0d88f9019", "numVertices": 147, "min": [-4.86743, 0.0, 1.71102]}
