{"max": [1.66717, 0.75, 0.0133921], "centroid": [0.8347164693706297, 0.5478431116083916, -0.35788873327272747], "id": "88e73431030e8494cc0436ebbd73343e", "numVertices": 143, "min": [-0.00786, 0.00337356, -0.725771]}
