{"max": [0.08255, 0.0635, 0.08255], "centroid": [-3.279050472882989e-18, 0.05351462121951201, 2.4328438992357663e-19], "id": "baa4d6ca9521a55b51d6f7c8e810987e", "numVertices": 1968, "min": [-0.08255, 0.0, -0.08255]}
