{"max": [1.46784, 0.977, -0.279086], "centroid": [-0.6961602229166665, 0.44690374999999943, -2.4430869010416667], "id": "468b9b34d07eb9211c75d484f9069623", "numVertices": 192, "min": [-2.86016, 0.0, -4.60709]}
