{"max": [9.91471, 1.05886, -5.74327], "centroid": [6.888938065476194, 0.3952984500000002, -8.769043333333329], "id": "7995c6a5838e12ed447eea2e92abe28f", "numVertices": 336, "min": [3.86316, 0.0, -11.7948]}
