{"max": [0.0, 0.73025, 0.0], "centroid": [-0.4971882950000004, 0.3606799999999996, -0.29609991500000027], "id": "f9c98f76522d375d20bac10b01e55c85", "numVertices": 200, "min": [-0.99695, 0.0, -0.5969]}
