{"max": [3.6576, 3.05435, 3.6576], "centroid": [-0.0007673730569947683, 1.3293366390328165, -0.0058287737478409825], "id": "2cfecc8ce6c7cd1f3497637ec59e0374", "numVertices": 579, "min": [-3.6576, 0.210867, -3.6576]}
