{"max": [1.2, 0.47, 9.31323e-09], "centroid": [0.5758333333333331, 0.3093333333333332, -0.287499998447795], "id": "e5c44394471f29d874739c2c9ecfb3ee", "numVertices": 48, "min": [0.0, 0.0, -0.6]}
