{"max": [4.1275, 3.71475, 4.1275], "centroid": [-7.03127759227652e-07, 1.7755561204013364, -3.099987291613659e-06], "id": "a5f42bbfddcadf05eeb8d422649e5f2b", "numVertices": 299, "min": [-4.1275, 0.0, -4.1275]}
