{"max": [0.4572, 0.430212, 0.4572], "centroid": [5.481726184086711e-18, 0.23683979, 3.7192471324942746e-17], "id": "a2841256fc6fd90da518b93bb7233de6", "numVertices": 200, "min": [-0.4572, 0.0, -0.4572]}
