{"max": [0.88265, 0.7112, 0.0], "centroid": [0.4389009777777779, 0.5196419444444443, -0.22580376111111106], "id": "5db59a8ae13705bd7843fb4efdc19510", "numVertices": 72, "min": [0.0, 0.0, -0.45085]}
