{"max": [12.8773, 7.58469, -2.01458], "centroid": [10.944633165680466, 6.39012053254436, -3.947252603550298], "id": "c399bfee7f25f0ff95aab58c1db71c10", "numVertices": 338, "min": [9.01196, 5.23899, -5.87992]}
