{"max": [3.16806, 7.23264, 3.16806], "centroid": [0.008686970869565241, 4.998924413043494, -0.0163684726086957], "id": "b65cbede8f483d51f7de4d28691515e1", "numVertices": 460, "min": [-3.16806, 2.49557, -3.16806]}
