{"max": [0.0873648, 0.250993, 0.402969], "centroid": [-0.03895132328253642, 0.10161223035868144, 0.2766533567005202], "id": "a9ba34614bfd8ca9938afc5c0b5b182", "numVertices": 4037, "min": [-0.165225, -0.00300708, 0.15038]}
