{"max": [3.88417, 2.2112, 3.88417], "centroid": [-0.000512552032520376, 0.9472390243902449, -0.09154731707317068], "id": "a29f53390194166665c638ab0bc6bc66", "numVertices": 123, "min": [-3.88417, 0.0, -3.88417]}
