{"max": [8.12647, -0.195093, 26.7901], "centroid": [-1.9606427128027708, -6.674965626297574, 17.06653076124567], "id": "a95e0d8b37f8ca436a3309b77df3f951", "numVertices": 289, "min": [-12.1466, -9.95256, 6.53769]}
