{"max": [0.1524, 0.255906, 0.1524], "centroid": [6.2192659971431935e-18, 0.19747104920514708, 1.3762227122056728e-18], "id": "6501113f772fc798db649551c356c6e8", "numVertices": 1321, "min": [-0.1524, 0.164275, -0.1524]}
