{"max": [7.81252, 2.69792, 0.170058], "centroid": [5.394324431175835, 1.804226311599401, -2.247625840152934], "id": "faa200741fa93abb47ec7417da5d353d", "numVertices": 12561, "min": [2.97684, 1.21364, -4.66562]}
