{"max": [5.9055, 3.81, 5.9055], "centroid": [1.9531701359146273e-17, 0.8474807777777765, -1.1719020815487764e-16], "id": "64b180d51c6b8cc1e4e346ee2650d150", "numVertices": 432, "min": [-5.9055, 0.0, -5.9055]}
