{"max": [-0.98667, 2.23, 8.37767], "centroid": [-8.851449141176449, 0.47247189333334, 0.6817178632705883], "id": "2ffe06ee50ec1420adbe0813683fcfd0", "numVertices": 2550, "min": [-19.2943, 0.0, -6.7153]}
