{"max": [0.999998, 5.96046e-08, 0.999998], "centroid": [1.1904761865618623e-08, -0.3998738401129716, 1.1904761641426265e-08], "id": "381db800b87b5ff88616812464c86290", "numVertices": 168, "min": [-0.999998, -0.7801, -0.999998]}
