{"max": [0.155088, 0.1, 0.084378], "centroid": [0.03535500028237122, 0.05579273272727276, -0.03535500028237118], "id": "ae5c7d8a453d3ef736b0f2a1430e993a", "numVertices": 264, "min": [-0.084378, 0.0, -0.155088]}
