{"max": [2.83978, 0.74295, -4.11401], "centroid": [1.9597200000000001, 0.5603794054054053, -4.5394599999999965], "id": "64b2121e41762bd47954eb05bbab463f", "numVertices": 74, "min": [1.03638, 0.0, -4.96491]}
