{"max": [0.9652, 0.4318, 0.0], "centroid": [0.4794338460691824, 0.1967678509433959, -0.4842285536163524], "id": "5a38d21dd30f52e972463ee0ec4cc614", "numVertices": 636, "min": [0.0, 0.0, -0.9652]}
