{"max": [-0.357816, 0.276598, -0.381192], "centroid": [-0.9496527299382719, 0.12091640740740751, -0.9730291141975316], "id": "b5d1f064841b476dba5342d638d0c267", "numVertices": 648, "min": [-1.54149, 0.0, -1.56487]}
