{"max": [8.39434, 3.10515, -5.58071], "centroid": [4.394109846153847, 1.5160623461538432, -9.580946923076914], "id": "5aad71b5e6cb3967674684c50f1db165", "numVertices": 624, "min": [0.393875, 0.0, -13.5812]}
