{"max": [-0.540189, 3.50898, 1.46674], "centroid": [-1.761140722222222, 2.9480506944444453, 0.23990204027777773], "id": "879a5c740b25ef5c7a88a2ad67bfd073", "numVertices": 144, "min": [-2.99237, 2.51261, -0.983908]}
