{"max": [1.43, 1.29, 1.43], "centroid": [1.7287209725997247e-17, 0.5166179377162629, -8.528356798158642e-17], "id": "e816066ac8281e2ecf70f9641eb97702", "numVertices": 289, "min": [-1.43, 0.0, -1.43]}
