{"max": [0.147336, 0.145115, 0.186222], "centroid": [-0.008217497944444433, 0.07369505533333207, 0.030668145433333256], "id": "98d3408054ab409fd261c3d31246fed3", "numVertices": 1080, "min": [-0.163771, 0.0, -0.124886]}
