{"max": [0.940716, 0.238553, -0.175523], "centroid": [0.8413239296003711, 0.19542144470260026, -0.346644476068773], "id": "f0fdca5f5c7a06252dbdfbe028032489", "numVertices": 4304, "min": [0.679599, 0.134369, -0.43664]}
