{"max": [0.075, 0.77, 0.84], "centroid": [-0.8301346309963114, 0.6508342656826577, 0.03723190036900357], "id": "3f48840eca0de14ee693975eda4e3db8", "numVertices": 271, "min": [-1.735, 0.0, -0.133804]}
