{"max": [1.65456, 1.69402, 1.69648], "centroid": [-0.425491752361111, 0.8731461722222227, -0.3836646240740742], "id": "519f07b4ecb0b82ed82a7d8f544ae151", "numVertices": 216, "min": [-2.50916, 0.00973755, -2.46724]}
