{"max": [0.798915, 0.01905, 0.782762], "centroid": [0.03691500000000007, -0.3405909054545455, 0.3255619999999998], "id": "e9a1325245afff7c405d9b5bb7b18be5", "numVertices": 44, "min": [-0.725085, -0.89535, -0.131638]}
