{"max": [0.981589, 0.0, 1.32211], "centroid": [0.899787920308483, -0.057497602056555415, 1.2400848071979442], "id": "9024177b7ed352f45126f17934e17803", "numVertices": 389, "min": [0.817826, -0.1, 1.15835]}
