{"max": [-0.406752, 0.5334, 1.75818], "centroid": [-1.2262716309523802, 0.21635354285714312, 0.9575244821428565], "id": "cfac22c8ca3339b83ce5cb00b21d9584", "numVertices": 168, "min": [-2.01888, 0.0, 0.142557]}
