{"max": [-2.31961, 2.9313, 5.60003], "centroid": [-8.057721838235292, 1.5145764705882334, 0.2988126838235295], "id": "89bde5319b8a7de044841730d607e227", "numVertices": 136, "min": [-13.5197, 0.0, -5.60003]}
