{"max": [1.9939, 2.1844, 1.9177], "centroid": [0.07620005492227976, 0.8979487461139872, 2.0708823257256806e-17], "id": "188281000adddc9977981b941eb4f5d1", "numVertices": 193, "min": [-1.8415, 0.0, -1.9177]}
