{"max": [0.115679, 0.05715, 0.117144], "centroid": [0.0024969719444444486, 0.038100000000000016, 0.0029310275000000055], "id": "d2e1dc9ee02834c71621c7edb823fc53", "numVertices": 72, "min": [-0.110971, 0.0, -0.109505]}
