{"max": [2.24321, 2.21367, -1.35765], "centroid": [1.4744022248908302, 1.6556027729257645, -2.126458995633188], "id": "77301246b265a4d3a538bf55f6b58cef", "numVertices": 458, "min": [0.705593, 1.15558, -2.89527]}
