{"max": [-0.433196, 0.9652, -0.609591], "centroid": [-1.0476302105263164, 0.8138937206477743, -0.8664189352226753], "id": "f9bac9ba3b878cf23a6e0d0a575f76a3", "numVertices": 247, "min": [-1.6524, 0.0, -0.965191]}
