{"max": [0.91477, 0.4572, 0.91477], "centroid": [-2.535365080273795e-18, 0.3243852386538425, 1.4544989144728614e-17], "id": "7ed1eb89d5463580a2c59a4d90e63212", "numVertices": 2496, "min": [-0.91477, 0.0, -0.91477]}
