{"max": [1.1938, 0.9144, 0.0508], "centroid": [0.5737846349413288, 0.6122422959582814, -0.3352667535853978], "id": "f9beeefdebf70350f4b6538438a0b930", "numVertices": 767, "min": [-0.0508, 0.0, -0.7366]}
