{"max": [0.872987, 0.0, 0.339024], "centroid": [-0.03748172962171781, -0.6170603871301856, 0.007993328151313258], "id": "b390566645360e5d69fb38085fbc320c", "numVertices": 7957, "min": [-0.955813, -0.764325, -0.319943]}
