{"max": [7.44474, 0.877753, 5.96633], "centroid": [5.11266854166667, 0.3224605676249994, 3.6342571527777796], "id": "ce48ffb418b99996912a38ce5826ebb8", "numVertices": 576, "min": [2.7806, -0.0129949, 1.30218]}
