{"max": [0.200284, 0.28, 0.200284], "centroid": [5.11850507109206e-18, 0.15019737037037006, 5.782411586589357e-19], "id": "5b6d840652f0050061d624c546a68fec", "numVertices": 648, "min": [-0.200284, 0.02, -0.200284]}
