{"max": [1.32715, 5.88206, 1.32715], "centroid": [-1.0174647537853605e-17, 5.036225984455956, 4.975870032646427e-17], "id": "d162f269bc5fb7da85df81f999944b5d", "numVertices": 386, "min": [-1.32715, 4.13855, -1.32715]}
