{"max": [0.0, 0.60264, 0.683], "centroid": [-0.6985497959183671, 0.341421387755102, 0.37427863265306105], "id": "6d311facc6387a7fcd1233d74066ed8", "numVertices": 49, "min": [-1.366, 0.0, 0.0]}
