{"max": [0.686204, 0.128084, 1.20887], "centroid": [0.551234828507795, 0.09033888864142513, 1.0516366135857471], "id": "4017528ab5816338664b3b9b23ddfcbc", "numVertices": 898, "min": [0.416404, 0.022624, 0.892331]}
