{"max": [0.30803, 0.112467, -0.509053], "centroid": [0.1337511442875376, 0.049212687687687356, -0.6859367229729746], "id": "c8a4719150446e84664b3b9b23ddfcbc", "numVertices": 1332, "min": [-0.0431321, 0.007254, -0.860215]}
