{"max": [0.205175, 0.13173, 0.636342], "centroid": [0.007089076376365131, 0.04227453848142476, 0.442025560029418], "id": "5019f979a6a360963a5e6305a3a7adee", "numVertices": 10878, "min": [-0.206906, -0.0147079, 0.228248]}
