{"max": [0.116565, 0.0942236, 0.116565], "centroid": [-4.449743430446787e-18, 0.042111519614012154, 1.1236146771032855e-18], "id": "11547e8d8f143557525b133235812833", "numVertices": 1513, "min": [-0.116565, 0.0, -0.116565]}
