{"max": [1.30848, 0.562572, -0.0954545], "centroid": [0.6689919738505753, 0.26391978620689477, -0.734943842816091], "id": "b5d81a5bbbb8efe7c785f06f424b9d06", "numVertices": 696, "min": [0.0295023, 0.0, -1.37443]}
