{"max": [10.4502, 0.361581, 6.58433], "centroid": [10.050191666666672, 0.14711708041666663, 6.184329583333337], "id": "f9ca04891f79cf2871124212e03fb7de", "numVertices": 96, "min": [9.65018, 0.0, 5.78433]}
