{"max": [3.38, 7.43904, 3.38], "centroid": [-1.0614815259830765e-16, 5.366169658536592, -1.5434807903325348e-17], "id": "260545503087dc5186810055962d0a91", "numVertices": 410, "min": [-3.38, 2.98317, -3.38]}
