{"max": [2.056, 0.150798, 1.285], "centroid": [3.785010852401395e-10, -0.2132253035579114, 3.785011762756961e-10], "id": "326c6280eee2bf74257e043ec9630f", "numVertices": 2642, "min": [-2.056, -0.568562, -1.285]}
