{"max": [-0.22999, 0.78, 0.527912], "centroid": [-0.44234422485207037, 0.4966299644970408, 0.3745096331360946], "id": "f09cdde03794151a17be1b91fdcd9df", "numVertices": 169, "min": [-0.73499, 0.0, 0.227912]}
