{"max": [2.88774, 1.17538, 2.88774], "centroid": [4.3175339846533866e-17, 0.8975141904761921, -7.269317423140906e-17], "id": "95ac294f47fd7d87e0b49f27ced29e3", "numVertices": 1008, "min": [-2.88774, 0.145, -2.88774]}
