{"max": [0.0, 29.4243, 0.0], "centroid": [-63.529225833333335, 9.808100000000003, -63.52922583333331], "id": "b69e25e7ab9b829215b14098c484b7c1", "numVertices": 72, "min": [-127.058, 0.0, -127.058]}
