{"max": [0.0511256, 0.0508, 0.0511256], "centroid": [-0.7733732218905466, -0.4154985074626871, -0.6228687442786074], "id": "f9ca8f7549af695a5aad165050e534c", "numVertices": 201, "min": [-1.57513, -0.7366, -1.27033]}
