{"max": [4.76102, 8.00727, 4.76102], "centroid": [0.0027742835130968647, 6.1895207858243495, 0.006722295839753674], "id": "e16e27d3670853b12d4e6b2984840098", "numVertices": 649, "min": [-4.76102, 2.48285, -4.76102]}
