{"max": [7.77804, 0.695325, 14.688], "centroid": [4.4482186760563405, 0.3976686267605629, 11.017574190140843], "id": "9c7edf31042fea84df95dda4222cd1bf", "numVertices": 284, "min": [0.928874, 0.0, 7.24463]}
