{"max": [0.127988, 0.103044, 0.127988], "centroid": [2.888749373759169e-19, 0.060985770331350546, 5.394297299978857e-19], "id": "4b32d2c623b54dd4fe296ad57d60d898", "numVertices": 1177, "min": [-0.127988, 0.0, -0.127988]}
