{"max": [0.0635, 0.041275, 0.0635], "centroid": [5.703200468964845e-19, 0.01806014520547944, -2.281280187585938e-18], "id": "f2cb15fb793e7fa244057c222118625", "numVertices": 73, "min": [-0.0635, 0.003175, -0.0635]}
