{"max": [6.51248, 5.67683, 6.51248], "centroid": [4.144832625267251e-16, 2.776946071999986, -7.3894594147342715e-16], "id": "38d2122b2aa05f92e1b9b7b3765e2bea", "numVertices": 600, "min": [-6.51248, -0.102137, -6.51248]}
