{"max": [0.152744, 0.0827344, 0.152744], "centroid": [2.2981379382598726e-18, 0.04746355800000027, 2.9597792640330778e-18], "id": "a0b34a720dd364d9ccdca257be791a55", "numVertices": 936, "min": [-0.152744, 0.0, -0.152744]}
