{"max": [0.00159388, 0.165614, -0.0141305], "centroid": [-0.14483216389444453, 0.07510046666666653, -0.1605565338888889], "id": "c25fd49b75c12ef86bbb74f0f607cdd", "numVertices": 360, "min": [-0.291258, 0.0, -0.306983]}
