{"max": [0.0, 0.45, 0.55], "centroid": [-0.44999999999999996, 0.2008333333333334, 0.2750000000000001], "id": "8ba76dfda765f72b7c363db824bff7dc", "numVertices": 48, "min": [-0.9, 0.0, 0.0]}
