{"max": [2.78062, 9.76564, 2.67267], "centroid": [-0.003419518672199177, 7.1821479668049655, -0.10292745659751039], "id": "b941ca9770b59c3918a27ff49f2f297f", "numVertices": 241, "min": [-2.78062, 5.43725, -2.88857]}
