{"max": [3.7338, 4.572, 3.7338], "centroid": [-3.661982194891699e-17, 1.8716225604395609, 1.0004207474644268e-15], "id": "bb7586ebee0dc2be4e346ee2650d150", "numVertices": 364, "min": [-3.7338, 0.0, -3.7338]}
