{"max": [0.0, 0.57785, 0.0], "centroid": [-0.4857748685714298, 0.22104912560000015, -0.4444546428571435], "id": "f9d5c41dd092dd8e78c10c978f26802f", "numVertices": 700, "min": [-0.97155, -0.00120604, -0.517525]}
