{"max": [0.4572, 0.759161, 0.7112], "centroid": [0.010426752066115704, 0.3942218132231404, 0.2638661140495866], "id": "54807aa2b0f646a448efbbb060f51a02", "numVertices": 121, "min": [-0.4572, 0.0, -0.2032]}
