{"max": [0.4572, 0.2794, 0.4572], "centroid": [1.8154082888129378e-18, 0.10804768282332103, 8.471905347793709e-19], "id": "a042621b3378bc18a2c59a4d90e63212", "numVertices": 1376, "min": [-0.4572, -0.00238361, -0.4572]}
