{"max": [5.98799, 3.48566, 5.98799], "centroid": [0.0031825821189591782, 1.6506085204460954, -0.02283338921933085], "id": "ad8a50aa5894bc40c762eb31f1f0c676", "numVertices": 269, "min": [-5.98799, -2.53458, -6.02407]}
