{"max": [0.246098, 0.085035, 0.220006], "centroid": [0.04138811486486488, 0.05117059459459466, 0.015297042792792795], "id": "6494761a8a0461777cba8364368aa1d", "numVertices": 888, "min": [-0.163321, 0.0, -0.189412]}
