{"max": [8.70765, 0.273348, 7.94138], "centroid": [8.22002513881554, 0.0565975272956409, 7.454208250477685], "id": "4530e6df2747b643f6415fd62314b5ed", "numVertices": 24601, "min": [7.73239, -0.002122, 6.96612]}
