{"max": [1.25685, 1.04044, 0.902551], "centroid": [-0.2820984294778591, 0.6911641526768026, -0.6363961204824847], "id": "4227b58665eadcefc0dc3ed657ab97f0", "numVertices": 1513, "min": [-1.82105, 0.0, -2.17534]}
