{"max": [0.6498, 0.825014, 0.6498], "centroid": [2.1441182163073335e-17, 0.3892739520000041, -1.5014465365448259e-16], "id": "454fa7fd637177cf2bea4b6e7618432", "numVertices": 4800, "min": [-0.6498, -0.0495, -0.6498]}
