{"max": [0.0, 0.394022, 0.0], "centroid": [-0.5954983311666399, 0.28712963873182473, -0.5943232743810992], "id": "80608e58db79d4d83b722c86abee0751", "numVertices": 2476, "min": [-1.191, 0.0, -1.18865]}
