{"max": [0.0635, 0.015875, 0.0635], "centroid": [-1.8187701560144432e-18, 0.0076955643023255554, 1.0317570441420196e-17], "id": "754634abeb7bffc32977b68653eb2e1e", "numVertices": 2064, "min": [-0.0635, 0.0, -0.0635]}
