{"max": [0.01, 0.0, 0.01], "centroid": [-1.993935029858399e-19, -0.004117241379310346, -2.7915090418017585e-19], "id": "b4c43b75d951401631f299e87625dbae", "numVertices": 174, "min": [-0.01, -0.008928, -0.01]}
