{"max": [-0.0543107, 0.06985, 0.275981], "centroid": [-0.1717856801724136, 0.04252054148275863, 0.15850581393678187], "id": "7d7bdea515818eb844638317e9e4ff18", "numVertices": 696, "min": [-0.289261, 0.0, 0.0410308]}
