{"max": [1.38865, 0.0539175, 1.26151], "centroid": [1.1999200632911395, 0.005007715316455702, 1.0727180506329115], "id": "47175c7b12bf0b61320b691da6d871fb", "numVertices": 158, "min": [1.0102, -0.0310931, 0.88306]}
