{"max": [2.0609, -0.552216, 2.0609], "centroid": [-1.7472362354756562e-16, -1.406242213114753, 0.016880983606557383], "id": "7c43116dbe35797aea5000d9d3be7992", "numVertices": 122, "min": [-2.0609, -2.1336, -2.0609]}
