{"max": [0.100152, 0.151865, 0.100758], "centroid": [0.00018633177083332903, 0.05537419678571432, 0.0003361195238095295], "id": "d1addad5931dd337713f2e93cbeac35d", "numVertices": 672, "min": [-0.0998427, 8.182e-05, -0.0992366]}
