{"max": [16.7914, 6.80668, -17.881], "centroid": [12.193503373493975, 3.856547879518071, -22.45318602409639], "id": "f2ef5e5b49f2bb8340dfb1e6c8f5a333", "numVertices": 415, "min": [7.66059, 2.22049, -27.0118]}
