{"max": [-0.997457, 0.965199, 2.05093], "centroid": [-1.5267777492729246, 0.39860723120947084, 1.5249324858179039], "id": "da5f13f4048dbd72fcb8d8c6d4df8143", "numVertices": 29227, "min": [-2.05054, 0.0, 0.997071]}
