{"max": [1.8542, 0.7366, 0.0], "centroid": [0.9183915452846515, 0.47508594082021044, -0.45310945360788796], "id": "77e4ad83f78eb8c3fc8b5999cff24f2c", "numVertices": 5779, "min": [0.0, 0.0, -0.9271]}
