{"max": [2.52924, 0.867569, -1.37359], "centroid": [1.6314907729257686, 0.3163111135371165, -1.69906617358079], "id": "84a354fd068a410d40719bb3f7e29ad5", "numVertices": 1832, "min": [0.700442, 0.0, -1.98319]}
