{"max": [0.060886, 0.351928, 0.140391], "centroid": [-0.2169148451739343, 0.2727680485056339, -0.13740974424301833], "id": "2c1df84ec01cea4e525b133235812833", "numVertices": 2041, "min": [-0.494715, 0.190715, -0.41521]}
