{"max": [0.0, 0.177739, 0.0139576], "centroid": [-0.0910844399852915, 0.08203274197499777, -0.08174846930432277], "id": "bd2ba805bf1739cdedd852e9640b8d4", "numVertices": 6799, "min": [-0.1905, -0.0250575, -0.1905]}
