{"max": [0.456202, 0.939069, -1.12174], "centroid": [0.30171057943925245, 0.8317050373831769, -1.2588439252336443], "id": "12ddb18397a816c8948bef6886fb4ac", "numVertices": 107, "min": [0.151718, 0.765998, -1.39262]}
