{"max": [-0.199915, 0.12065, 0.421152], "centroid": [-0.34912095482233496, 0.07548704796954284, 0.2719194583756338], "id": "8b90aa9f4418c75452dd9cc5bac31c96", "numVertices": 3940, "min": [-0.498365, 0.0, 0.122702]}
