{"max": [-3.06891, 10.6076, 7.52566], "centroid": [-5.403584061538466, 9.653772892307654, 5.190986907692318], "id": "bbf4b10b538c7d03bcbbc78f3e874841", "numVertices": 650, "min": [-7.73826, 7.70791, 2.85631]}
