{"max": [0.618249, 0.311832, 0.0], "centroid": [0.3099650238095238, 0.11943179416282745, -0.30890305453149003], "id": "9dcfab1fab6232003bec56bff764ba78", "numVertices": 1302, "min": [0.0, 0.0, -0.618249]}
