{"max": [5.73012, 1.23185, 5.75468], "centroid": [0.09483589622641488, -1.4065016367924532, -0.06115014433962267], "id": "13e879cb517784a63a4b07a265cff347", "numVertices": 212, "min": [-5.73012, -5.75468, -5.76014]}
