{"max": [0.578351, 0.16, 0.910762], "centroid": [0.478351432291666, 0.05899393749999976, 0.8107620000000001], "id": "1f910faf81555f8e664b3b9b23ddfcbc", "numVertices": 768, "min": [0.378351, 0.0, 0.710762]}
