{"max": [0.0110566, 0.461859, 0.326125], "centroid": [-0.292044379385965, 0.3030199050877192, 0.1706616429824557], "id": "f09ef9a34df9b34d9420b255bb5956f0", "numVertices": 228, "min": [-0.598543, 0.0016603, 0.0213254]}
