{"max": [1.30286, 5.08317, 1.30286], "centroid": [-2.687311473713394e-17, 4.494698065763977, -2.6057341729209645e-17], "id": "ea473a79fd2c98e5789eafad9d8a9394", "numVertices": 1034, "min": [-1.30286, 3.27672, -1.30286]}
