{"max": [0.887457, 0.585557, 0.146399], "centroid": [0.4034942389700995, 0.3362145151162768, -0.3472215220099664], "id": "e3095ecacc36080cb398a1cfd1079875", "numVertices": 602, "min": [-0.0997313, 0.0, -0.840789]}
