{"max": [0.458327, 0.4318, 0.447371], "centroid": [0.02503617012499999, 0.21305502000000073, 0.014080998208333318], "id": "9ea66797afeb86196ea1c514a0de6d2d", "numVertices": 240, "min": [-0.408254, 0.0, -0.419209]}
