{"max": [1.524, 0.762, 1.524], "centroid": [-7.632783294297951e-17, 0.3078797500000004, -4.2211604582102304e-17], "id": "b195dbe537993945e4e346ee2650d150", "numVertices": 384, "min": [-1.524, 0.0, -1.524]}
