{"max": [2.46609, 2.22242, 2.46609], "centroid": [8.525710898668361e-17, 1.0997598396336377, -1.1208538029625331e-17], "id": "571f294b5ab7e47a5517442d05421cb", "numVertices": 1201, "min": [-2.46609, 0.0, -2.46609]}
