{"max": [2.38853, 0.4064, 4.03297], "centroid": [0.6010287391666667, 0.08852130000000023, 2.1859537835833325], "id": "18529eba21e4be8b5cc4957a8e7226be", "numVertices": 120, "min": [-2.02012, -0.29845, -2.22662]}
