{"max": [17.9954, 0.0837208, -1.98394], "centroid": [14.606196317460311, -1.0845502222222132, -5.297237009523803], "id": "a83b2eb519fbef17e922c0c19528ec07", "numVertices": 1575, "min": [11.223, -1.6968, -8.75633]}
