{"max": [-0.649202, 0.422031, 2.52344], "centroid": [-1.5664006780303017, 0.1526558854545456, 1.6062412916666664], "id": "92f04b8d36c98d18221d647283ba1e26", "numVertices": 264, "min": [-2.4836, 0.0, 0.689043]}
