{"max": [0.198554, 0.245338, 0.187305], "centroid": [0.008086456820833329, 0.11265355533333372, -0.0031626604250000042], "id": "aa70f5e55fa61d8dac6b8e58caf61f95", "numVertices": 720, "min": [-0.182381, 0.0, -0.193631]}
