{"max": [1.5512, 0.10795, -0.304145], "centroid": [1.456373821052628, 0.06473536605263183, -0.40232104000000013], "id": "afb6bf20c56e86f3d8fdbcba78c84028", "numVertices": 950, "min": [1.36077, -0.0047625, -0.49457]}
