{"max": [0.0, 0.0276103, 0.0304968], "centroid": [-0.030774065139664814, 0.014605386089385492, -0.0001618526536312848], "id": "6816c12cc00a961758463a756b0921b5", "numVertices": 179, "min": [-0.0621984, 0.0, -0.0304968]}
