{"max": [-1.07389, 0.6096, 0.916647], "centroid": [-1.5333279611650552, 0.1659631391486169, 0.4573652726648251], "id": "d98455f19960f99ed684faddec3c0090", "numVertices": 2678, "min": [-1.99278, -0.0127, -0.0028353]}
