{"max": [1.17087, 0.700087, -0.843505], "centroid": [0.3733278022597403, 0.28562482961038915, -1.6410456493506491], "id": "dd15ee7374954827c5be64abd4416cc9", "numVertices": 385, "min": [-0.424213, 0.0, -2.43859]}
