{"max": [-0.0555698, 0.729, -0.961091], "centroid": [-1.3721652866773693, 0.319995451428572, -1.5506394799357963], "id": "3e760133301353a147cddb7c026e92eb", "numVertices": 623, "min": [-2.65057, 0.0, -2.15117]}
