{"max": [1.01297, 0.16, 1.87242], "centroid": [0.8191761944444435, 0.09980051086419686, 1.6765454526748989], "id": "a1d26a16a0caa78243f1c519d66bb167", "numVertices": 972, "min": [0.615828, 0.0, 1.47529]}
