{"max": [0.0812148, 0.0377388, 0.0922016], "centroid": [0.004807057013655308, 0.014138786997502043, 7.178077435470531e-05], "id": "a73d531b90965199e5f6d587dbc348b5", "numVertices": 2402, "min": [-0.244535, 0.0, -0.076205]}
