{"max": [-0.190475, 0.160956, -1.2931], "centroid": [-0.29267599999999994, 0.10355144736842081, -1.395301458333332], "id": "b007af6eabaa290dd42b9650f19dd425", "numVertices": 912, "min": [-0.394877, 0.0, -1.4975]}
