{"max": [0.15, 0.0859636, 0.149564], "centroid": [0.0004363322837370237, 0.03521365631314876, -5.372240522488728e-19], "id": "4845731dbf7522b07492cbf7d8bec255", "numVertices": 578, "min": [-0.149127, 1.9057e-05, -0.149564]}
