{"max": [0.598844, 0.602979, 0.598844], "centroid": [-4.994679351654147e-05, 0.2988799553206487, 0.00028321494009866325], "id": "3bedfd655c45c6747bc26b16f550876f", "numVertices": 1419, "min": [-0.598844, 0.0, -0.598844]}
