{"max": [0.254877, 0.15875, 0.254877], "centroid": [-1.6666666620886635e-09, 0.06604000000000011, 1.666666659313106e-09], "id": "aeb7b4bb33fd43a14e23e9314af9ae57", "numVertices": 120, "min": [-0.254877, 0.0, -0.254877]}
