{"max": [1.47732, 1.2192, 1.47732], "centroid": [-4.625929269271486e-17, 0.6096000000000003, -5.782411586589357e-18], "id": "64d7f5eb886cfa48ce6101c7990e61d4", "numVertices": 48, "min": [-1.47732, 0.0, -1.47732]}
