{"max": [-0.293353, 0.115263, -0.973793], "centroid": [-0.42393799136178995, 0.07467786585365765, -1.104377983739835], "id": "a593e8863200fdb0664b3b9b23ddfcbc", "numVertices": 1968, "min": [-0.554523, 0.005431, -1.23496]}
