{"max": [3.33647, 0.863059, 3.33647], "centroid": [2.953986261949077e-16, 0.3554945500000005, 6.211962161593138e-17], "id": "3f6a6718d729b77bed2eab6efdeec5f8", "numVertices": 336, "min": [-3.33647, 0.0, -3.33647]}
