{"max": [0.0, 0.542137, 0.0], "centroid": [-0.6985747622539392, 0.3374023824324333, -0.6985747622539392], "id": "fc77ad0828db2caa533e44d90297dd6e", "numVertices": 1776, "min": [-1.39715, 0.0, -1.39715]}
