{"max": [-3.44785, 3.90645, 1.87421], "centroid": [-4.2190642926829245, 3.3326607317073145, 1.1030029024390247], "id": "530c2d8f55f9e9e8ce364511e87f52b0", "numVertices": 410, "min": [-4.99028, 2.74963, 0.331793]}
