{"max": [34.3293, 18.608, 0.0], "centroid": [18.573599351351355, 5.046835484896679, -17.13648726868044], "id": "ce905d4381d4daf65287b12a83c64b85", "numVertices": 629, "min": [0.0, 0.0, -34.3293]}
