{"max": [0.940953, 0.23517, -0.176609], "centroid": [0.8463792423014553, 0.18887281928686983, -0.3532011823338747], "id": "4967063fc3673caa47fe6b02985fbd0", "numVertices": 3702, "min": [0.681654, 0.134369, -0.435848]}
