{"max": [-8.30527, 10.689, 8.86484], "centroid": [-12.925140911125585, 5.386665300592378, 4.2419167262330655], "id": "d28f7a7a8fbc5fc925b5a13384fa548b", "numVertices": 7595, "min": [-18.6117, -0.127122, -1.44155]}
