{"max": [0.0254, 0.9144, 0.6096], "centroid": [-0.3023459607407409, 0.43312325037037047, 0.28811978567901225], "id": "f9e126d15c5761b29af4053b8815b239", "numVertices": 81, "min": [-0.635, -0.00211319, -0.0254]}
