{"max": [3.98414, 2.05264, 5.22573], "centroid": [1.6327944633014997, 1.0060605252387447, 2.8380561909959066], "id": "f09d5d7ed64b6585eb6db0b349a2b804", "numVertices": 733, "min": [-0.691412, 0.0, 0.550178]}
