{"max": [-0.606281, 0.189889, -1.07467], "centroid": [-0.7431068808193662, 0.08716851582867793, -1.2040447858473005], "id": "524eb99c8d45eb01664b3b9b23ddfcbc", "numVertices": 537, "min": [-0.880413, 0.001344, -1.34563]}
