{"max": [0.0, 0.4318, 0.0], "centroid": [-0.5077948166666664, 0.26670000000000005, -0.5077948166666663], "id": "f220f4b4c7b79d7ab54f2a7bd7b06a98", "numVertices": 48, "min": [-1.016, 0.0, -1.016]}
