{"max": [8.97101, 1.45415, 13.495], "centroid": [6.602278077777788, 0.5309447133333319, 11.098631983333316], "id": "2e545ccae1cdc69d879b85bd5ada6e71", "numVertices": 1800, "min": [4.15254, 0.0, 8.67649]}
