{"max": [2.51487, 7.25469, 2.84479], "centroid": [0.08931238147299518, 4.595579181669393, -0.008358078823076981], "id": "d78860e8318fb75a12a72bbc636a1f9d", "numVertices": 611, "min": [-2.51487, 4.23897, -2.84479]}
