{"max": [0.191561, 0.0787761, 0.18246], "centroid": [-0.011647942783950621, 0.03207660854398157, -0.02074842997685183], "id": "4eefe941048189bdb8046e84ebdc62d2", "numVertices": 1296, "min": [-0.214857, 0.0, -0.223953]}
