{"max": [3.1369, 0.872556, 0.04], "centroid": [1.5484500880000005, 0.6655264800000009, -0.7124497280000002], "id": "f9d405eae2dd08fd12439bb9f264f4d9", "numVertices": 100, "min": [-0.04, 0.0, -1.4649]}
