{"max": [0.220006, 0.138268, 0.163321], "centroid": [0.0535760754504505, 0.08320427027027043, -0.003109143018018019], "id": "5bb12905529c85359d3d767e1bc88d65", "numVertices": 888, "min": [-0.112854, 0.0, -0.16954]}
