{"max": [0.290291, 0.232818, 0.290291], "centroid": [5.518022744931524e-18, 0.14590453747161183, 4.47797657311197e-18], "id": "708fce7ba7d911f3d5b5e7c77f0efc2", "numVertices": 1321, "min": [-0.290291, 0.0, -0.290291]}
