{"max": [0.02, 0.77, 0.619], "centroid": [-1.022948312056737, 0.40033229881796745, 0.11154347521804386], "id": "569e2fce2f1ab3be617e9d9aa36a8137", "numVertices": 423, "min": [-1.32, 0.0, -0.06]}
