{"max": [1.025, 0.38, 0.025], "centroid": [0.4945054936048792, 0.2279120871342801, -0.2527472532180323], "id": "aff5771db62fa63d2406c215cad9df09", "numVertices": 91, "min": [-0.025, -0.015, -0.525]}
