{"max": [0.304799, 0.2286, 0.304799], "centroid": [6.314039589856513e-07, 0.14355417173581453, -0.0005864734391294648], "id": "34875f8448f98813a2c59a4d90e63212", "numVertices": 13233, "min": [-0.304799, 0.0, -0.304799]}
