{"max": [-6.09457e-06, 0.0516178, 0.0], "centroid": [-0.06597859557156545, 0.025906501601016808, -0.0660322049431974], "id": "56803af65db53307467ca2ad6571afff", "numVertices": 16925, "min": [-0.131951, -1.59955e-07, -0.132025]}
