{"max": [1.4224, 0.4826, 0.1016], "centroid": [0.6603999358043259, 0.3184559139784947, -0.3342967741935489], "id": "4a944441380ba0a45990f2c81f286aec", "numVertices": 186, "min": [-0.1016, 0.0, -0.9144]}
